id,type,value,unit,name,dateCreated,dateScheduledFor,dateGiven,dateExpires,dateCancelled,dateRedeemed,dateModified,rewardSource,fuelTankType,fuelTankCode,programId,programRewardKey,globalRewardKey,assignedCredit,redeemedCredit,availableValue,statuses,user.id,user.accountId,user.firstName,user.lastName,user.email,meta.status,meta.message,meta.internalMessage,meta.dateModified,referral.id,referral.dateReferralStarted,referral.dateModified,referral.referralCodeUsed,referral.referredUser.id,referral.referredUser.accountId,referral.referredUser.firstName,referral.referredUser.lastName,referral.referredUser.email,referral.referrerUser.id,referral.referrerUser.accountId,referral.referrerUser.firstName,referral.referrerUser.lastName,referral.referrerUser.email,referral.dateConverted,meta.customMeta.testMeta
5f456390bf4ee25a39f5b7f4,INTEGRATION,1000,USD,Visa® Prepaid Card,1598814992394,,1598814992394,,,,1598382992394,MANUAL,,,,,visaprepaid-card,,,1000,AVAILABLE,UserD,UserD,Fiona,Testerson,Fiona.Testerson@example.com,,,,,,,,,,,,,,,,,,,,
5f455bcfb5e36f1178469d52,CREDIT,1,CENTS,,1598813007482,,1598813007482,,,,1598813007608,MANUAL,,,,,,1,0,0,AVAILABLE,UserD,UserD,Fiona,Testerson,Fiona.Testerson@example.com,SUCCESS,Manual Reward,Manual Reward,1598813007608,,,,,,,,,,,,,,,,
5f455b81b5e36f11784699ef,CREDIT,100,CENTS,Dollar Credit,1598812929881,,1598812929881,,,,1598380929881,REFERRED,,,,,,100,0,0,AVAILABLE,UserD,UserD,Fiona,Testerson,Fiona.Testerson@example.com,,,,,5f455b81b5e36f11784699d3,1598812929794,1598380929893,MONIKATESTERSON,UserD,UserD,Fiona,Testerson,Fiona.Testerson@example.com,UserC,UserC,Monika,Testerson,Monika.testerson@example.com,,
5f453df5162be10017ea0523,CREDIT,1,POINT,Test,1598805365731,1598805365529,1598805529683,,,1598805863085,1598805863221,FRIEND_SIGNUP,,,referral,referrerReward,test,1,1,0,REDEEMED,UserB,UserB,Greg,Testerson,Greg.testerson@example.com,SUCCESS,,,1598805863221,5f453d95f1f77c43de025075,1598805269516,1598373365768,GREGTESTERSON266,UserA,UserA,Bob,Testerson,Bob.testerson@example.com,UserB,UserB,Greg,Testerson,Greg.testerson@example.com,1598805365528,
5f453df5162be10017ea0522,PCT_DISCOUNT,1,%,Referred Reward,1598805365701,1598805365529,1598805529645,1598891765698,,,1598373365706,REFERRED,,,referral,referredReward,,,,1,AVAILABLE,UserA,UserA,Bob,Testerson,Bob.testerson@example.com,,,,,5f453d95f1f77c43de025075,1598805269516,1598373365768,GREGTESTERSON266,UserA,UserA,Bob,Testerson,Bob.testerson@example.com,UserB,UserB,Greg,Testerson,Greg.testerson@example.com,1598805365528,
5f453db4162be10017ea051f,CREDIT,1,POINT,Test,1598805300333,1598805300062,1598805529591,,,,1598373300340,FRIEND_SIGNUP,,,referral,referrerReward,test,1,0,0,AVAILABLE,UserA,UserA,Bob,Testerson,Bob.testerson@example.com,,,,,5f453da2f1f77c43de02512c,1598805282280,1598373300381,BOBTESTERSON20,UserC,UserC,Monika,Testerson,Monika.testerson@example.com,UserA,UserA,Bob,Testerson,Bob.testerson@example.com,1598805300061,
5f453dd6bc72f30017e593ec,CREDIT,24680,CASH/USD,,1598805334632,,1598805334632,,,,1598813585301,FRIEND_SIGNUP,,,partner,partnerReward,,24680,2100,2100,AVAILABLE,UserC,UserC,Monika,Testerson,Monika.testerson@example.com,SUCCESS,Redeemed 1 dollar,Redeemed 1 dollar,1598813585301,5f453d88f1f77c43de025017,1598805256625,1598373334678,MONIKATESTERSON270,UserB,UserB,Greg,Testerson,Greg.testerson@example.com,UserC,UserC,Monika,Testerson,Monika.testerson@example.com,1598805334388,custom meta
5f453db4162be10017ea051e,PCT_DISCOUNT,1,%,Referred Reward,1598805300296,1598805300062,,1598891700289,1598805315836,,1598373315838,REFERRED,,,referral,referredReward,,,,0,"PENDING,CANCELLED",UserC,UserC,Monika,Testerson,Monika.testerson@example.com,,,,,5f453da2f1f77c43de02512c,1598805282280,1598373300381,BOBTESTERSON20,UserC,UserC,Monika,Testerson,Monika.testerson@example.com,UserA,UserA,Bob,Testerson,Bob.testerson@example.com,1598805300061,
5f453dd6bc72f30017e593eb,FUELTANK,2,%,Fuel Tank Code,1598805334584,,,1630341334582,,,1598373334590,REFERRED,PCT_DISCOUNT,,partner,referredReward,,,,0,PENDING,UserB,UserB,Greg,Testerson,Greg.testerson@example.com,,,,,5f453d88f1f77c43de025017,1598805256625,1598373334678,MONIKATESTERSON270,UserB,UserB,Greg,Testerson,Greg.testerson@example.com,UserC,UserC,Monika,Testerson,Monika.testerson@example.com,1598805334388,
